{"weights": [2.180171688789312, -1.4455262481310243], "bias": -0.45229266383938743}